<databaseChangeLog
        xmlns:xsi="http://www.w3.org/2001/XMLSchema-instance"
        xmlns="http://www.liquibase.org/xml/ns/dbchangelog"
        xsi:schemaLocation="http://www.liquibase.org/xml/ns/dbchangelog http://www.liquibase.org/xml/ns/dbchangelog/dbchangelog-3.1.xsd">

    <changeSet id="create-table-person" author="uPagge">
        <createTable tableName="person">
            <column name="id" type="int" autoIncrement="true">
                <constraints nullable="false" primaryKey="true"/>
            </column>
            <column name="name" type="varchar(64)"/>
            <column name="telegram_id" type="int">
                <constraints unique="true"/>
            </column>
        </createTable>
    </changeSet>

    <changeSet id="add-new-column-address" author="uPagge">
        <addColumn tableName="person">
            <column name="address" type="varchar(300)"/>
        </addColumn>
    </changeSet>

</databaseChangeLog>